{"nodes":{"node:1":{"location":{"x":88,"y":-4}},"node:4":{"location":{"x":-373,"y":-4}}},"selection":null,"view":{"scroll":{"x":-941.7763671875,"y":-360.731719970703125},"visible_rect":{"max":{"x":1010.4075927734375,"y":621.926513671875},"min":{"x":-988.9364013671875,"y":-378.79559326171875}},"zoom":0.952312350273132324}}