{"nodes":{"node:1":{"location":{"x":184,"y":-20}},"node:4":{"location":{"x":-117,"y":-20}}},"selection":null,"view":{"scroll":{"x":-636.05206298828125,"y":-275.40643310546875},"visible_rect":{"max":{"x":515.45831298828125,"y":339.245758056640625},"min":{"x":-639.1649169921875,"y":-276.7542724609375}},"zoom":0.995129764080047607}}