{"nodes":{"node:1":{"location":{"x":224,"y":25}}},"selection":null,"view":{"scroll":{"x":255.910675048828125,"y":2.04693889617919922},"visible_rect":{"max":{"x":690.61859130859375,"y":269.212432861328125},"min":{"x":151.068511962890625,"y":1.20834362506866455}},"zoom":1.69400405883789062}}