{"nodes":{"node:1":{"location":{"x":232,"y":-20}},"node:4":{"location":{"x":-232,"y":-20}}},"selection":null,"view":{"scroll":{"x":-636.35333251953125,"y":-276.7542724609375},"visible_rect":{"max":{"x":512.646728515625,"y":339.245758056640625},"min":{"x":-636.3533935546875,"y":-276.754302978515625}},"zoom":0.999999880790710449}}