{"nodes":{"node:1":{"location":{"x":0,"y":0}}},"selection":null,"view":{"scroll":{"x":-641.5306396484375,"y":-284.8577880859375},"visible_rect":{"max":{"x":911.4693603515625,"y":733.1422119140625},"min":{"x":-641.5306396484375,"y":-284.8577880859375}},"zoom":1}}